{"noiseKey":{"private":{"type":"Buffer","data":"qCa6Od/qx7kjLkccFh402XDYRJiQBinS54YQdQH7FXQ="},"public":{"type":"Buffer","data":"4S+LsfZlI3TW6mhMSvLckoEyOpVvEbQpAdd+QpMuLGY="}},"signedIdentityKey":{"private":{"type":"Buffer","data":"kBzAsM5XUxrpZ40aztbpRuloEXYRvfs/Gzcm1g+8iXY="},"public":{"type":"Buffer","data":"ebVq6fmK8iVgacHa1iFj7GBnYpTXTRrmj962SEOEAX4="}},"signedPreKey":{"keyPair":{"private":{"type":"Buffer","data":"GMCU2hhey35qGIE4GeNUS927iaFuIXiQLgn29sA+CGk="},"public":{"type":"Buffer","data":"c7CPcYWMm4uDQnxN5J+h6fgfy0hdwUusKc7W/ua3my4="}},"signature":{"type":"Buffer","data":"QPxgR6t5MGDC1+l64l9YbKpbP+g2YzMdZWj/IZmfDTj00pYsLw5CVPHjrCS/ln2rPRrnDaStJc0CXG2Fw9xrgg=="},"keyId":1},"registrationId":168,"advSecretKey":"YZmfQ8xietDdAJg73lSf9AjLa4H1tqakOZreE0nCwSc=","processedHistoryMessages":[{"key":{"remoteJid":"923043942429@s.whatsapp.net","fromMe":true,"id":"1DA0E013520D61535B85FFB6CCD27DB7"},"messageTimestamp":1703003082},{"key":{"remoteJid":"923043942429@s.whatsapp.net","fromMe":true,"id":"1F842866C1C9E080B2321F4915032BCA"},"messageTimestamp":1703003082},{"key":{"remoteJid":"923043942429@s.whatsapp.net","fromMe":true,"id":"193FD8DA4E8E45216835A37462DE6BA4"},"messageTimestamp":1703003086},{"key":{"remoteJid":"923043942429@s.whatsapp.net","fromMe":true,"id":"E5DA970A769300753FD78D01F6F83BF7"},"messageTimestamp":1703003086}],"nextPreKeyId":31,"firstUnuploadedPreKeyId":31,"accountSyncCounter":1,"accountSettings":{"unarchiveChats":false},"account":{"details":"CL6bhroCEMWHh6wGGAIgACgA","accountSignatureKey":"KKU7lx9IfMkp/Sf/6XwQfoZC68nPRrqbCNkGArgO5x0=","accountSignature":"0J0h5orB1fci3CMI9UdlomOkz3L1l92P/EptMTIpGzT1JNcs8vOMtha57MBNWjG1fRH8wpAj1MMGKtUj5spCDw==","deviceSignature":"SoSDcML8KTyEY5gMp7ojtlvSZGriMZL4yNyRVZ4WzuUdsWYibd/szigzVjmQ3fXNYkn/Q6fSMExGwmS8GmBMgw=="},"me":{"id":"923043942429:6@s.whatsapp.net","name":"Ali"},"signalIdentities":[{"identifier":{"name":"923043942429:6@s.whatsapp.net","deviceId":0},"identifierKey":{"type":"Buffer","data":"BSilO5cfSHzJKf0n/+l8EH6GQuvJz0a6mwjZBgK4Ducd"}}],"platform":"smba","lastAccountSyncTimestamp":1703003080,"myAppStateKeyId":"AAAAAHGP"}